<?xml version="1.0" encoding="UTF-8"?>
<content xmlns:j="http://www.jahia.org/jahia/1.0" xmlns:jcr="http://www.jcp.org/jcr/1.0">
    <modules jcr:primaryType="jnt:modules">
        <heiliger-martin-bootstrap-templa j:dependencies="bootstrap bootstrap-components contact default event facets search teasers"
                                        j:installedModules="heiliger-martin-bootstrap-templa"
                                        j:modulePriority="0"
                                        j:moduleType="templatesSet"
                                        j:title="Heiliger Martin Bootstrap Templates"
                                        jcr:mixinTypes="jmix:hasExternalProviderExtension"
                             jcr:primaryType="jnt:module">
                <sources jcr:mixinTypes="jmix:hasExternalProviderExtension"
                  jcr:primaryType="jnt:moduleVersionFolder"
                  j:staticMountPointProviderKey="module-heiliger-martin-bootstrap-templa-1.1-SNAPSHOT">
                    <src jcr:primaryType="jnt:folder">
                        <main jcr:primaryType="jnt:folder">
                            <resources jcr:primaryType="jnt:folder">
                                <jnt_template jcr:primaryType="jnt:nodeTypeFolder">
                                    <html jcr:primaryType="jnt:templateTypeFolder"/>
                                </jnt_template>
                                <jnt_navMenu jcr:primaryType="jnt:nodeTypeFolder">
                                    <html jcr:primaryType="jnt:templateTypeFolder"/>
                                </jnt_navMenu>
                                <css jcr:primaryType="jnt:cssFolder"/>
                                <jnt_contentList jcr:primaryType="jnt:nodeTypeFolder">
                                    <html jcr:primaryType="jnt:templateTypeFolder"/>
                                </jnt_contentList>
                                <jnt_news jcr:primaryType="jnt:nodeTypeFolder">
                                    <html jcr:primaryType="jnt:templateTypeFolder"/>
                                </jnt_news>
                            </resources>
                        </main>
                    </src>
                </sources>
                
                <portlets jcr:primaryType="jnt:portletFolder"/>
                <files jcr:primaryType="jnt:folder">
                    <bootstrap jcr:primaryType="jnt:folder">
                        <css jcr:primaryType="jnt:folder">
                            <bootstrap.css jcr:primaryType="jnt:file">
                                <jcr:content jcr:mimeType="text/css" jcr:primaryType="jnt:resource"/>
                            </bootstrap.css>
                        </css>
                        <img jcr:primaryType="jnt:folder">
                            <glyphicons-halflings.png j:height="159"
                                            j:width="469"
                                            jcr:mixinTypes="jmix:image"
                                            jcr:primaryType="jnt:file">
                                <jcr:content jcr:mimeType="image/png" jcr:primaryType="jnt:resource"/>
                                <thumbnail jcr:mimeType="application/binary" jcr:primaryType="jnt:resource"/>
                                <thumbnail2 jcr:mimeType="application/binary" jcr:primaryType="jnt:resource"/>
                            </glyphicons-halflings.png>
                            <glyphicons-halflings-white.png j:height="159"
                                                  j:width="469"
                                                  jcr:mixinTypes="jmix:image"
                                                  jcr:primaryType="jnt:file">
                                <jcr:content jcr:mimeType="image/png" jcr:primaryType="jnt:resource"/>
                                <thumbnail jcr:mimeType="application/binary" jcr:primaryType="jnt:resource"/>
                                <thumbnail2 jcr:mimeType="application/binary" jcr:primaryType="jnt:resource"/>
                            </glyphicons-halflings-white.png>
                            <logo.png j:height="100"
                            j:width="200"
                            jcr:mixinTypes="jmix:image"
                            jcr:primaryType="jnt:file">
                                <jcr:content jcr:mimeType="image/png" jcr:primaryType="jnt:resource"/>
                                <thumbnail jcr:mimeType="application/binary" jcr:primaryType="jnt:resource"/>
                                <thumbnail2 jcr:mimeType="application/binary" jcr:primaryType="jnt:resource"/>
                            </logo.png>
                            <body-bg-orig-1.png j:height="400"
                                    j:width="400"
                                    j:workInProgress="false"
                                    jcr:mixinTypes="jmix:image"
                                    jcr:primaryType="jnt:file">
                                <jcr:content jcr:mimeType="image/png" jcr:primaryType="jnt:resource"/>
                                <thumbnail jcr:mimeType="application/binary" jcr:primaryType="jnt:resource"/>
                                <thumbnail2 jcr:mimeType="application/binary" jcr:primaryType="jnt:resource"/>
                            </body-bg-orig-1.png>
                            <body-bg.png j:height="400"
                                      j:width="400"
                                      jcr:mixinTypes="jmix:image"
                                      jcr:primaryType="jnt:file">
                                <jcr:content jcr:mimeType="image/png" jcr:primaryType="jnt:resource"/>
                                <thumbnail jcr:mimeType="application/binary" jcr:primaryType="jnt:resource"/>
                                <thumbnail2 jcr:mimeType="application/binary" jcr:primaryType="jnt:resource"/>
                            </body-bg.png>
                        </img>
                    </bootstrap>
                </files>
                <contents jcr:primaryType="jnt:contentFolder"/>
                <templates jcr:primaryType="jnt:templatesFolder">
                    <files jcr:primaryType="jnt:folder">
                        <bootstrap.png j:height="16"
                              j:width="16"
                              jcr:mixinTypes="jmix:image"
                              jcr:primaryType="jnt:file">
                            <jcr:content jcr:mimeType="image/png" jcr:primaryType="jnt:resource"/>
                            <thumbnail jcr:mimeType="image/png" jcr:primaryType="jnt:resource"/>
                            <thumbnail2 jcr:mimeType="image/png" jcr:primaryType="jnt:resource"/>
                        </bootstrap.png>
                    </files>
                    <contents jcr:primaryType="jnt:contentFolder"/>
                    <base j:view="bootstrap" jcr:primaryType="jnt:template">
                        <_x0033_col jcr:primaryType="jnt:pageTemplate">
                            <pagecontent jcr:primaryType="jnt:contentList">
                                <pagecontent jcr:mixinTypes="jmix:bootstrapFullComponentRowPredefined"
                                  jcr:primaryType="jnt:bootstrapFullComponent"
                                  layout="3_6_3"
                                  rowType="predefined">
                                    <pagecontent-side1 jcr:primaryType="jnt:contentList">
                                            <navigation-menu j:baselineNode="home"
                                               j:maxDepth="2"
                                               j:menuItemView="menuElement"
                                               j:startLevel="1"
                                            j:view="sideWithHidden"
                                            j:workInProgress="false"
                                               jcr:mixinTypes="jmix:renderable"
                                               jcr:primaryType="jnt:navMenu"/>
                                        <absolute-content j:level="1" jcr:primaryType="jnt:absoluteArea"/>
                                        <contextual-content jcr:primaryType="jnt:area"/>
                                        </pagecontent-side1>
                                    <pagecontent jcr:primaryType="jnt:contentList">
                                        <bootstrap-breadcrumb displayCurrentPage="true"
                                                 displayHome="true"
                                                 displayLinkOnCurrentPage="false"
                                                 displayOnFirstLevel="false"
                                                 divider="/"
                                                 jcr:primaryType="jnt:bootstrapBreadcrumb"/>
                                        <page-title hideInHomePage="false" jcr:primaryType="jnt:pageTitle"/>
                                        <pagecontent j:mockupStyle="pagecontent01"
                                        j:workInProgress="false"
                                        jcr:primaryType="jnt:area"/>
                            </pagecontent>
                            </pagecontent>
                            </pagecontent>
                        </_x0033_col>
                        <_x0031_col jcr:primaryType="jnt:pageTemplate">
                            <pagecontent jcr:primaryType="jnt:contentList">
                                <pagecontent jcr:mixinTypes="jmix:bootstrapFullComponentRowPredefined"
                                  jcr:primaryType="jnt:bootstrapFullComponent"
                                  layout="12"
                                  rowType="predefined"/>
                            </pagecontent>
                        </_x0031_col>
                        <_x0032_cols j:hiddenTemplate="false" jcr:primaryType="jnt:pageTemplate">
                            <pagecontent jcr:primaryType="jnt:contentList">
                                <pagecontent jcr:primaryType="jnt:contentList">
                                    <pagecontent jcr:mixinTypes="jmix:bootstrapFullComponentRowPredefined"
                                     jcr:primaryType="jnt:bootstrapFullComponent"
                                     layout="3_9"
                                     rowType="predefined">
                                        <pagecontent-side1 jcr:primaryType="jnt:contentList">
                                            <navigation-menu j:baselineNode="home"
                                               j:maxDepth="2"
                                               j:menuItemView="menuElement"
                                               j:startLevel="1"
                                               j:view="sideWithHidden"
                                               j:workInProgress="false"
                                               jcr:mixinTypes="jmix:renderable"
                                               jcr:primaryType="jnt:navMenu"/>
                                            <absolute-content j:level="1" jcr:primaryType="jnt:absoluteArea"/>
                                            <contextual-content jcr:primaryType="jnt:area"/>
                                        </pagecontent-side1>
                                        <pagecontent jcr:primaryType="jnt:contentList">
                                            <bootstrap-breadcrumb displayCurrentPage="true"
                                                    displayHome="true"
                                                    displayLinkOnCurrentPage="false"
                                                    displayOnFirstLevel="false"
                                                    divider="/"
                                                    jcr:primaryType="jnt:bootstrapBreadcrumb"/>
                                            <page-title hideInHomePage="true" jcr:primaryType="jnt:pageTitle"/>
                                            <pagecontent jcr:primaryType="jnt:area"/>
                                                </pagecontent>
                                            </pagecontent>
                                        </pagecontent>
                                    </pagecontent>
                        </_x0032_cols>
                        <bootstrap-nav jcr:primaryType="jnt:contentList">
                            <bootstrap-navbar fluid="true"
                                    inverse="false"
                                    jcr:primaryType="jnt:bootstrapNavBar"
                                    responsive="true">
                                <navigation-menu j:maxDepth="0"
                                      j:menuItemView="menuElement"
                                      j:startLevel="0"
                                      jcr:primaryType="jnt:bootstrapNavMenu"/>
                            </bootstrap-navbar>
                        </bootstrap-nav>
                        <navBar jcr:primaryType="jnt:contentList">
                            <bootstrap-navigation-menu j:maxDepth="2"
                                             j:menuItemView="menuDropdown"
                                             j:startLevel="0"
                                             jcr:primaryType="jnt:bootstrapNavMenu"
                                             position="right"/>
                        </navBar>
                        <bootstrap-header jcr:primaryType="jnt:contentList">
                            <bootstrapmenulanguageswitcher j:view="sampleBootstrapTemplates"
                                                 jcr:mixinTypes="jmix:renderable"
                                                 jcr:primaryType="jnt:bootstrapMenuLanguageSwitcher"
                                                 position="left"
                                                 typeOfDisplay="flag"/>
                            <bootstrapmenuloginform j:view="menu"
                                          jcr:mixinTypes="jmix:renderable"
                                          jcr:primaryType="jnt:bootstrapMenuLoginForm"
                                          position="right"/>
                            <bootstrapmenusimplesearchform j:workInProgress="false"
                                                 jcr:primaryType="jnt:bootstrapMenuSimpleSearchForm"
                                                 position="right"
                                                 result="/sites/hlmartin/home/startseite/infopages/suchergebnisse">
                                <j:translation_de jcr:language="de"
                                       jcr:mixinTypes="mix:title"
                                       jcr:primaryType="jnt:translation"
                                       jcr:title="Einfache Suche"/>
                            </bootstrapmenusimplesearchform>
                        </bootstrap-header>
                        <detail j:applyOn="jnt:article jnt:event jnt:news jnt:press snt:news"
                       j:defaultTemplate="true"
                       j:hiddenTemplate="true"
                       j:priority="150"
                       jcr:primaryType="jnt:contentTemplate">
                            <pagecontent jcr:primaryType="jnt:contentList">
                                <pagecontent jcr:mixinTypes="jmix:bootstrapFullComponentRowPredefined"
                                  jcr:primaryType="jnt:bootstrapFullComponent"
                                  layout="3_9"
                                  rowType="predefined">
                                    <pagecontent-side1 jcr:primaryType="jnt:contentList">
                                        <navigation-menu j:baselineNode="home"
                                            j:maxDepth="2"
                                            j:menuItemView="menuElement"
                                            j:startLevel="1"
                                            j:styleName="sidemenu01"
                                            j:view="sideWithHidden"
                                            jcr:mixinTypes="jmix:renderable"
                                            jcr:primaryType="jnt:navMenu"/>
                                        <absolute-content j:level="1" jcr:primaryType="jnt:absoluteArea"/>
                                    </pagecontent-side1>
                                    <pagecontent j:classname="pagecontent01"
                                     j:skin="skins.custom"
                                     j:workInProgress="false"
                                     jcr:mixinTypes="jmix:customSkin jmix:skinnable"
                                     jcr:primaryType="jnt:contentList">
                                        <pagecontent j:mockupStyle="pagecontent01"
                                        j:workInProgress="false"
                                        jcr:primaryType="jnt:area">
                                            <pagecontent jcr:primaryType="jnt:contentList">
                                                <main-resource-display j:mainResourceView="detail"
                                                        j:workInProgress="false"
                                                        jcr:primaryType="jnt:mainResourceDisplay"/>
                            </pagecontent>
                                </pagecontent>
                            </pagecontent>
                            </pagecontent>
                            </pagecontent>
                        </detail>
                        <home j:hiddenTemplate="false" jcr:primaryType="jnt:pageTemplate">
                            <j:translation_en jcr:language="en"
                                    jcr:mixinTypes="mix:title"
                                    jcr:primaryType="jnt:translation"
                                    jcr:title="Home"/>
                            <pagecontent jcr:primaryType="jnt:contentList">
                                <pagecontent jcr:primaryType="jnt:contentList">
                                    <teasers containerType="fluid"
                                 jcr:mixinTypes="jmix:bootstrapFullComponentAdvancedProps jmix:bootstrapFullComponentRowPredefined"
                                 jcr:primaryType="jnt:bootstrapFullComponent"
                                 layout="3_3_3_3"
                                 rowType="predefined"
                                 sectionCssClass="teasers-section"
                                 sectionElement="section">
                                        <teasers jcr:primaryType="jnt:contentList">
                                            <teaser-1 j:allowedTypes="jnt:teaser" jcr:primaryType="jnt:area"/>
                                        </teasers>
                                        <teasers-side1 jcr:primaryType="jnt:contentList">
                                            <teaser-2 j:allowedTypes="jnt:teaser" jcr:primaryType="jnt:area"/>
                                        </teasers-side1>
                                        <teasers-side2 jcr:primaryType="jnt:contentList">
                                            <teaser-3 j:allowedTypes="jnt:teaser" jcr:primaryType="jnt:area"/>
                                        </teasers-side2>
                                        <teasers-side3 jcr:primaryType="jnt:contentList">
                                            <teaser-4 j:allowedTypes="jnt:teaser" jcr:primaryType="jnt:area"/>
                                        </teasers-side3>
                                    </teasers>
                                    <content containerType="fluid"
                                 jcr:mixinTypes="jmix:bootstrapFullComponentAdvancedProps jmix:bootstrapFullComponentRowPredefined"
                                 jcr:primaryType="jnt:bootstrapFullComponent"
                                 layout="8_4"
                                 rowType="predefined"
                                 sectionCssClass="content-section"
                                 sectionElement="section">
                                        <content-side1 jcr:primaryType="jnt:contentList">
                                            <side jcr:primaryType="jnt:area"/>
                                        </content-side1>
                                        <content jcr:primaryType="jnt:contentList">
                                            <main jcr:primaryType="jnt:area"/>
                                        </content>
                                    </content>
                                    <end-of-homepage-area jcr:mixinTypes="jmix:bootstrapFullComponentRowPredefined"
                                              jcr:primaryType="jnt:bootstrapFullComponent"
                                              layout="12"
                                              rowType="predefined"/>
                                </pagecontent>
                            </pagecontent>
                        </home>
                        <_x0032_cols-no-title-no-breadcrumb j:hiddenTemplate="false"
                                                   j:workInProgress="false"
                                                   jcr:primaryType="jnt:pageTemplate">
                            <pagecontent jcr:primaryType="jnt:contentList">
                                <pagecontent jcr:primaryType="jnt:contentList">
                                    <pagecontent jcr:mixinTypes="jmix:bootstrapFullComponentRowPredefined"
                                     jcr:primaryType="jnt:bootstrapFullComponent"
                                     layout="3_9"
                                     rowType="predefined">
                                        <pagecontent-side1 jcr:primaryType="jnt:contentList">
                                            <navigation-menu j:baselineNode="home"
                                               j:maxDepth="4"
                                               j:menuItemView="menuElement"
                                               j:startLevel="1"
                                               j:styleName="sidemenu01"
                                               j:view="sideWithHidden"
                                               j:workInProgress="false"
                                               jcr:mixinTypes="jmix:renderable"
                                               jcr:primaryType="jnt:navMenu"/>
                                            <absolute-content j:level="1" jcr:primaryType="jnt:absoluteArea"/>
                                            <contextual-content jcr:primaryType="jnt:area"/>
                                        </pagecontent-side1>
                                        <pagecontent j:classname="pagecontent01"
                                        j:skin="skins.custom"
                                        j:workInProgress="false"
                                        jcr:mixinTypes="jmix:customSkin jmix:skinnable"
                                        jcr:primaryType="jnt:contentList">
                                            <pagecontent j:mockupStyle="pagecontent01"
                                           j:workInProgress="false"
                                           jcr:primaryType="jnt:area"/>
                                        </pagecontent>
                                    </pagecontent>
                                </pagecontent>
                            </pagecontent>
                        </_x0032_cols-no-title-no-breadcrumb>
                        <_x0033_cols-no-title-no-breadcrumb j:workInProgress="false" jcr:primaryType="jnt:pageTemplate">
                            <pagecontent jcr:primaryType="jnt:contentList">
                                <pagecontent jcr:mixinTypes="jmix:bootstrapFullComponentRowPredefined"
                                  jcr:primaryType="jnt:bootstrapFullComponent"
                                  layout="3_6_3"
                                  rowType="predefined">
                                    <pagecontent-side1 jcr:primaryType="jnt:contentList">
                                        <navigation-menu j:baselineNode="home"
                                            j:maxDepth="4"
                                            j:menuItemView="menuElement"
                                            j:startLevel="1"
                                            j:styleName="sidemenu01"
                                            j:view="sideWithHidden"
                                            jcr:mixinTypes="jmix:renderable"
                                            jcr:primaryType="jnt:navMenu"/>
                                        <absolute-content j:level="1" jcr:primaryType="jnt:absoluteArea"/>
                                        <contextual-content jcr:primaryType="jnt:area"/>
                                    </pagecontent-side1>
                                    <pagecontent j:classname="pagecontent01"
                                     j:skin="skins.custom"
                                     j:workInProgress="false"
                                     jcr:mixinTypes="jmix:customSkin jmix:skinnable"
                                     jcr:primaryType="jnt:contentList">
                                        <pagecontent j:mockupStyle="pagecontent01" jcr:primaryType="jnt:area"/>
                                    </pagecontent>
                                </pagecontent>
                            </pagecontent>
                        </_x0033_cols-no-title-no-breadcrumb>
                        <hidden-menu-page j:hiddenTemplate="false" jcr:primaryType="jnt:pageTemplate">
                            <j:translation_de jcr:language="de"
                                    jcr:mixinTypes="mix:title"
                                    jcr:primaryType="jnt:translation"
                                    jcr:title="hidden-menu-page"/>
                            <j:translation_it jcr:language="it"
                                    jcr:mixinTypes="mix:title"
                                    jcr:primaryType="jnt:translation"
                                    jcr:title="hidden-menu-page"/>
                            <j:translation_pt jcr:language="pt"
                                    jcr:mixinTypes="mix:title"
                                    jcr:primaryType="jnt:translation"
                                    jcr:title="hidden-menu-page"/>
                            <j:translation_fr jcr:language="fr"
                                    jcr:mixinTypes="mix:title"
                                    jcr:primaryType="jnt:translation"
                                    jcr:title="hidden-menu-page"/>
                            <j:translation_en jcr:language="en"
                                    jcr:mixinTypes="mix:title"
                                    jcr:primaryType="jnt:translation"
                                    jcr:title="hidden-menu-page"/>
                            <j:translation_es jcr:language="es"
                                    jcr:mixinTypes="mix:title"
                                    jcr:primaryType="jnt:translation"
                                    jcr:title="hidden-menu-page"/>
                            <pagecontent jcr:primaryType="jnt:contentList">
                                <hiddenmenu j:baselineNode="home"
                                 j:maxDepth="4"
                                 j:menuItemView="menuElement"
                                 j:startLevel="0"
                                 jcr:primaryType="jnt:bootstrapNavMenu">
                                    <j:translation_de jcr:language="de"
                                          jcr:mixinTypes="mix:title"
                                          jcr:primaryType="jnt:translation"
                                          jcr:title="hiddenmenu"/>
                                    <j:translation_it jcr:language="it"
                                          jcr:mixinTypes="mix:title"
                                          jcr:primaryType="jnt:translation"
                                          jcr:title="hiddenmenu"/>
                                    <j:translation_pt jcr:language="pt"
                                          jcr:mixinTypes="mix:title"
                                          jcr:primaryType="jnt:translation"
                                          jcr:title="hiddenmenu"/>
                                    <j:translation_fr jcr:language="fr"
                                          jcr:mixinTypes="mix:title"
                                          jcr:primaryType="jnt:translation"
                                          jcr:title="hiddenmenu"/>
                                    <j:translation_en jcr:language="en"
                                          jcr:mixinTypes="mix:title"
                                          jcr:primaryType="jnt:translation"
                                          jcr:title="hiddenmenu"/>
                                    <j:translation_es jcr:language="es"
                                          jcr:mixinTypes="mix:title"
                                          jcr:primaryType="jnt:translation"
                                          jcr:title="hiddenmenu"/>
                                </hiddenmenu>
                            </pagecontent>
                        </hidden-menu-page>
                        <footer jcr:primaryType="jnt:contentList">
                            <absolute-area62112 j:allowedTypes="jnt:bootstrapFullComponent"
                                      j:level="0"
                                      j:limitedAbsoluteAreaEdit="false"
                                      j:workInProgress="false"
                                      jcr:primaryType="jnt:absoluteArea"/>
                        </footer>
                        <news-collection j:hiddenTemplate="false"
                                                     j:workInProgress="false"
                                                     jcr:primaryType="jnt:pageTemplate">
                            <pagecontent jcr:primaryType="jnt:contentList">
                                <pagecontent jcr:primaryType="jnt:contentList">
                                    <pagecontent jcr:mixinTypes="jmix:bootstrapFullComponentRowPredefined"
                                     jcr:primaryType="jnt:bootstrapFullComponent"
                                     layout="3_9"
                                     rowType="predefined">
                                        <pagecontent-side1 jcr:primaryType="jnt:contentList">
                                            <navigation-menu j:baselineNode="home"
                                               j:maxDepth="2"
                                               j:menuItemView="menuElement"
                                               j:startLevel="1"
                                               j:styleName="sidemenu01"
                                               j:view="sideWithHidden"
                                               j:workInProgress="false"
                                               jcr:mixinTypes="jmix:renderable"
                                               jcr:primaryType="jnt:navMenu"/>
                                            <absolute-content j:level="1" jcr:primaryType="jnt:absoluteArea"/>
                                            <contextual-content jcr:primaryType="jnt:area"/>
                                        </pagecontent-side1>
                                        <pagecontent j:classname="pagecontent01"
                                        j:skin="skins.custom"
                                        j:workInProgress="false"
                                        jcr:mixinTypes="jmix:customSkin jmix:skinnable"
                                        jcr:primaryType="jnt:contentList">
                                            <pagecontent j:mockupStyle="pagecontent01"
                                           j:workInProgress="false"
                                           jcr:primaryType="jnt:area">
                                                <pagecontent jcr:primaryType="jnt:contentList">
                                                    <rich-text jcr:primaryType="jnt:bigText"/>
                                                    <pager displayNbOfItemsPerPage="true"
                                           displayNbOfItemsPerPageValues="5,10,25,50,100"
                                           displayPager="true"
                                           jcr:primaryType="jnt:pager"
                                           nbOfPages="10"
                                           pageSize="10"/>
                                                    <news-list jcr:primaryType="jnt:contentList">
                                                        <j:translation_de jcr:language="de"
                                                         jcr:mixinTypes="mix:title"
                                                         jcr:primaryType="jnt:translation"
                                                         jcr:title="news-list"/>
                                                    </news-list>
                                                    <pager-1 displayNbOfItemsPerPage="true"
                                             displayNbOfItemsPerPageValues="5,10,25,50,100"
                                             displayPager="true"
                                             j:workInProgress="false"
                                             jcr:primaryType="jnt:pager"
                                             nbOfPages="10"
                                             pageSize="10"/>
                                        </pagecontent>
                                    </pagecontent>
                                </pagecontent>
                            </pagecontent>
                            </pagecontent>
                            </pagecontent>
                            <j:translation_de jcr:language="de"
                                    jcr:mixinTypes="mix:title"
                                    jcr:primaryType="jnt:translation"
                                    jcr:title="news-collection"/>
                        </news-collection>
                    </base>
                        <site-settings-base j:view="siteSettings"
                                            jcr:mixinTypes="jmix:useUILocale"
                                            jcr:primaryType="jnt:template">
                            <bootstrapCustomization j:applyOn="jnt:virtualsite"
                                                    j:defaultTemplate="false"
                                                    j:hiddenTemplate="true"
                                       j:icon="/modules/heiliger-martin-bootstrap-templa/templates/files/bootstrap.png"
                                                    j:priority="101"
                                                    j:requiredPermissionNames="adminBootstrapCustomization"
                                                    j:titleKey="siteSettings.label.bootstrap"
                                                    jcr:mixinTypes="jmix:rbTitle"
                                                    jcr:primaryType="jnt:contentTemplate">
                                <pagecontent jcr:primaryType="jnt:contentList">
                                    <editLessVariables formview="sample" jcr:primaryType="jnt:editLessVariables"/>
                                </pagecontent>
                            </bootstrapCustomization>
                            <customization j:applyOn="jnt:virtualsite"
                                           j:defaultTemplate="false"
                                 j:hiddenTemplate="true"
                              j:icon="/modules/heiliger-martin-bootstrap-templa/templates/files/bootstrap.png"
                                 j:priority="100"
                                 j:requiredPermissionNames="adminSampleTemplatesCustomization"
                                 j:titleKey="sampleBootstrapTemplates.settings"
                                 jcr:mixinTypes="jmix:rbTitle"
                                           jcr:primaryType="jnt:contentTemplate">
                                <pagecontent jcr:primaryType="jnt:contentList">
                                    <bootstraptemplatecustomization jcr:primaryType="jnt:bootstrapTemplateCustomization"/>
                                </pagecontent>
                            </customization>
                        </site-settings-base>
                </templates>

            <home j:isHomePage="true"
               j:templateName="3col"
               jcr:primaryType="jnt:page"/>
                <search-results j:templateName="1col" jcr:primaryType="jnt:page">
                    <pagecontent jcr:primaryType="jnt:contentList">
                        <advanced-search-form jcr:primaryType="jnt:advancedSearchForm"/>
                        <search-results autoSuggest="true"
                               autoSuggestHitCount="2"
                               autoSuggestMaxTermCount="1"
                               autoSuggestMinimumHitCount="2"
                               jcr:primaryType="jnt:searchResults"/>
                    </pagecontent>
                </search-results>
            </heiliger-martin-bootstrap-templa>
    </modules>
</content>
